Component,Subcomponent,Subcomponent Type,Hydroform Class,Hydroform Type,Unit Type,Definition,Literature Cited,CMECS Version,Component Code,Unit Code,IRI (NCEI base URL + Term ID),Unit ID,Unit Status,Type of Change,Implementation Guidance,Notes
Water Column Component,,,,,CMECS Component: Water Column ,"The Water Column Component (WC) describes the water column environment of estuaries and oceans.The water column presents unique challenges to classification and characterization—due to its three-dimensional structure; a high degree of temporal variability; a wide, dynamic range in environmental characteristics (across multiple spatial scales); and the inherent challenges of measuring the various parameters. The WC identifies the structures, patterns, properties, and processes, of the water column relevant to ecological relationships and habitat-organism interactions. This component extends from the land-sea margin to the deep oceans and vertically from the surface of the water to the benthic interface. The WC encompasses the Lacustrine, Estuarine, and Marine Systems. The water column component of the Lacustrine System will be fully addressed in a later document, while the latter two systems are described here.
Because the water column is highly variable in both time and space, it is difficult to assign structures or properties to a specific location or depth with certainty. The characteristics of the water continuously change over time. For example, in the clear waters of the open ocean, the well-lit zone of photosynthesis generally extends throughout the upper 200 meters of the water column. In estuaries and coastal waters, surface conditions and water constituents reduce the depth of the photic zone by orders of magnitude. Nearshore photic depths can be quite shallow and variable from place to place or over short time periods. In shallow waters, optical dynamics are compressed in the vertical dimension and their effects are amplified—strongly influencing biota in the water column and in the benthos.
The WC is designed to accommodate the high degree of spatio-temporal variability of the water column with a simple and flexible structure and a comprehensive array of units and modifiers. The WC provides a way to define and organize key information most commonly required to characterize the water column. Spatially, the WC can be applied to points or profiles within the water column, as well as to water masses, regions, entire water bodies and entire oceans.
The WC contains five subcomponents that can be used alone or in combination (Table 5.1): Layer, Salinity, Temperature, Hydroform and Biogeochemical Feature. The Layer subcomponent indicates vertical position within the water column, using a set of defined layers associated with each subsystem and gives information about relative proximity to the atmosphere, mid-depth or benthos. Units in the Salinity and Temperature subcomponents describe the salinity and temperature characteristics of a water parcel within standard ranges. Hydroform Classes, their hydroforms, and hydroform types describe physical hydrographic features such as currents, waves, water masses, gyres, upwellings and fronts. The Biogeochemical Features subcomponent describes such phenomena as biofilm, thermocline and turbidity maximum—features of the water column that include properties and constituents beyond simple hydrodynamics. Modifiers can be selected from a comprehensive list and applied to any component to define additional characteristics such as trophic status, oxygen status, tide regime and energy regime.",,1.1.2,W,None,https://w3id.org/CMECS/CMECS_00000894,CMECS_00000894,Original Unit,,,
Water Column Component,Water Column Layer ,,,,CMECS Water Column Subcomponent,"The Water Column Layer Subcomponent resolves the water column vertically into its major coherent layers based on position relative to the surface and to the pycnocline or mid-depth. These layers reflect ecologically important characteristics of the water column structure. The layers for all cross-shelf waters include Surface Layer, Upper Water Column, Pycnocline and Lower Water Column. In the Marine Oceanic Subsystem, additional divisions (described below) are based on depth in the water column. The Layer subcomponent works with the Subsystem of the Aquatic Setting described in Section 4 to define the estuarine and marine water column as a grid. The grid framework is composed of horizontal regions (x-y axes) divided on the basis of position relative to land and total water depth, and vertical layers (z-axis) defined by depth below the surface. This structural arrangement provides a fixed frame of reference for describing position within the water column and accommodates the variability in water column features, conditions and movements by applying additional subcomponents (Figure 5.1).
One set of Water Column Layers is defined for application to all Estuarine Subsystems and the two Marine Subsystems (Nearshore and Offshore) in cross shelf waters where the total water depth is relatively shallow.
For all subsystems (except the Marine Oceanic) the following Water Column Layers are defined:

Surface Layer: The interface between the water column and the atmosphere, extending to a depth of several centimeters, represents the surface of maximum exchange of atmospheric gases, heat and light. Surface films, floating vegetation and aggregations of materials or biota accumulate at this interface.

Upper Water Column: The area from just below the surface to the boundary of the pycnocline, if present. (If a pycnocline is not present or is not detected, the region above mid-depth in the water column is defined as the Upper Water Column.) The upper water column layer is in close contact with the atmosphere; usually oxygenated, well-mixed and well-lighted; and is generally marked by high rates of photosynthesis and net autotrophic production.

Pycnocline: The zone of maximum change of density of a particular physicochemical variable—normally salinity or temperature—that segregates two distinct layers, which are of relatively homogeneous density. The presence of a pycnocline provides a barrier to vertical mixing between the upper and lower water columns, and this layer enhances the stability of the water column.

Lower Water Column: The area below the pycnocline (or, if absent, below mid-depth in the water column), the lower portion of the water column is often dimly or negligibly illuminated (particularly in estuaries) and can be heterotrophic. These deeper waters have limited contact with the atmosphere, may be reduced in oxygen content, and can have a high degree of interaction with bottom sediments. This layer receives organic and mineral material from upper waters and is frequently the site of anoxia. In estuaries, the salt wedge and counter current flow occur in this layer.",,1.1.2,W,l,https://w3id.org/CMECS/CMECS_00000895,CMECS_00000895,Original Unit,,,
Water Column Component,Water Column Layer ,Estuarine Coastal Surface Layer,,,CMECS Water Column Subcomponent: Water Column Layer,Estuarine waters between the shore and the 4 meter depth contour at the surface of the water column to a depth of a few centimeters.,,1.1.2,W,l1,https://w3id.org/CMECS/CMECS_00000303,CMECS_00000303,Original Unit,,,
Water Column Component,Water Column Layer ,Estuarine Coastal Upper Water Column,,,CMECS Water Column Subcomponent: Water Column Layer,Estuarine waters above the pycnocline (or the mid-depth) between the shore and the 4 meter depth contour.,,1.1.2,W,l2,https://w3id.org/CMECS/CMECS_00000304,CMECS_00000304,Original Unit,,,
Water Column Component,Water Column Layer ,Estuarine Coastal Pycnocline,,,CMECS Water Column Subcomponent: Water Column Layer,"Estuarine waters within the pycnocline, between the shore and the 4 meter depth contour.",,1.1.2,W,l3,https://w3id.org/CMECS/CMECS_00000299,CMECS_00000299,Original Unit,,,
Water Column Component,Water Column Layer ,Estuarine Coastal Lower Water Column,,,CMECS Water Column Subcomponent: Water Column Layer,Estuarine waters below the pycnocline (or mid-depth) and between the shore and the 4 meter depth contour.,,1.1.2,W,l4,https://w3id.org/CMECS/CMECS_00000298,CMECS_00000298,Original Unit,,,
Water Column Component,Water Column Layer ,Estuarine Open Water Surface Layer,,,CMECS Water Column Subcomponent: Water Column Layer,"Estuarine waters at the surface, at or beyond the 4 meter depth contour.",,1.1.2,W,l5,https://w3id.org/CMECS/CMECS_00000309,CMECS_00000309,Original Unit,,,
Water Column Component,Water Column Layer ,Estuarine Open Water Upper Water Column,,,CMECS Water Column Subcomponent: Water Column Layer,"Estuarine waters above the pycnocline (or mid-depth), at or beyond the 4 meter depth contour.",,1.1.2,W,l6,https://w3id.org/CMECS/CMECS_00000310,CMECS_00000310,Original Unit,,,
Water Column Component,Water Column Layer ,Estuarine Open Water Pycnocline,,,CMECS Water Column Subcomponent: Water Column Layer,"Estuarine waters within the pycnocline, at or beyond the 4 meter depth contour.",,1.1.2,W,l7,https://w3id.org/CMECS/CMECS_00000306,CMECS_00000306,Original Unit,,,
Water Column Component,Water Column Layer ,Estuarine Open Water Lower Water Column,,,CMECS Water Column Subcomponent: Water Column Layer,"Estuarine waters below the pycnocline (or mid-depth), at or beyond the 4 meter depth contour.",,1.1.2,W,l8,https://w3id.org/CMECS/CMECS_00000305,CMECS_00000305,Original Unit,,,
Water Column Component,Water Column Layer ,Estuarine Tidal Riverine Coastal Surface Layer,,,CMECS Water Column Subcomponent: Water Column Layer,"Tidal fresh waters at the surface, from the land-water interface up to the 4 meter depth contour.",,1.1.2,W,l9,https://w3id.org/CMECS/CMECS_00000317,CMECS_00000317,Original Unit,,,
Water Column Component,Water Column Layer ,Estuarine Tidal Riverine Coastal Upper Water Column,,,CMECS Water Column Subcomponent: Water Column Layer,"Tidal fresh waters above the pycnocline (or mid-depth), from the land-water interface up to the 4 meter depth contour.",,1.1.2,W,l10,https://w3id.org/CMECS/CMECS_00000318,CMECS_00000318,Original Unit,,,
Water Column Component,Water Column Layer ,Estuarine Tidal Riverine Coastal Pycnocline,,,CMECS Water Column Subcomponent: Water Column Layer,"Tidal fresh waters within the pycnocline, from the land-water interface up to the 4 meter depth contour.",,1.1.2,W,l11,https://w3id.org/CMECS/CMECS_00000314,CMECS_00000314,Original Unit,,,
Water Column Component,Water Column Layer ,Estuarine Tidal Riverine Coastal Lower Water Column,,,CMECS Water Column Subcomponent: Water Column Layer,"Tidal fresh waters below the pycnocline (or mid-depth), from the land-water interface up to the 4 meter depth contour.",,1.1.2,W,l12,https://w3id.org/CMECS/CMECS_00000313,CMECS_00000313,Original Unit,,,
Water Column Component,Water Column Layer ,Estuarine Tidal Riverine Open Water Surface Layer,,,CMECS Water Column Subcomponent: Water Column Layer,"Tidal fresh waters at the surface, at or beyond the 4 meter depth contour.",,1.1.2,W,l13,https://w3id.org/CMECS/CMECS_00000323,CMECS_00000323,Original Unit,,,
Water Column Component,Water Column Layer ,Estuarine Tidal Riverine Open Water Upper Water Column,,,CMECS Water Column Subcomponent: Water Column Layer,"Tidal fresh waters above the pycnocline (or mid-depth), at or beyond the 4 meter depth contour.",,1.1.2,W,l14,https://w3id.org/CMECS/CMECS_00000324,CMECS_00000324,Original Unit,,,
Water Column Component,Water Column Layer ,Estuarine Tidal Riverine Open Water Pycnocline,,,CMECS Water Column Subcomponent: Water Column Layer,"Tidal fresh waters within the pycnocline, at or beyond the 4 meter depth contour.",,1.1.2,W,l15,https://w3id.org/CMECS/CMECS_00000320,CMECS_00000320,Original Unit,,,
Water Column Component,Water Column Layer ,Estuarine Tidal Riverine Open Water Lower Water Column,,,CMECS Water Column Subcomponent: Water Column Layer,"Tidal fresh waters below the pycnocline (or mid-depth), at or beyond the 4 meter depth contour.",,1.1.2,W,l16,https://w3id.org/CMECS/CMECS_00000319,CMECS_00000319,Original Unit,,,
Water Column Component,Water Column Layer ,Marine Nearshore Surface Layer,,,CMECS Water Column Subcomponent: Water Column Layer,"Marine waters at the surface, from the land-water interface up to the 30 meter depth contour.",,1.1.2,W,l17,https://w3id.org/CMECS/CMECS_00000501,CMECS_00000501,Original Unit,,,
Water Column Component,Water Column Layer ,Marine Nearshore Upper Water Column,,,CMECS Water Column Subcomponent: Water Column Layer,"Marine waters above the pycnocline (or mid-depth), from the land-water interface up to the 30 meter depth contour.",,1.1.2,W,l18,https://w3id.org/CMECS/CMECS_00000502,CMECS_00000502,Original Unit,,,
Water Column Component,Water Column Layer ,Marine Nearshore Pycnocline,,,CMECS Water Column Subcomponent: Water Column Layer,"Marine waters within the pycnocline, from the land-water interface up to the 30 meter depth contour.",,1.1.2,W,l19,https://w3id.org/CMECS/CMECS_00000497,CMECS_00000497,Original Unit,,,
Water Column Component,Water Column Layer ,Marine Nearshore Lower Water Column,,,CMECS Water Column Subcomponent: Water Column Layer,"Marine waters below the pycnocline (or mid-depth), from the land-water interface up to the 30 meter depth contour.",,1.1.2,W,l20,https://w3id.org/CMECS/CMECS_00000496,CMECS_00000496,Original Unit,,,
Water Column Component,Water Column Layer ,Marine Offshore Surface Layer,,,CMECS Water Column Subcomponent: Water Column Layer,"Marine waters at the surface, between the 30 meter depth contour and the shelf break.",,1.1.2,W,TBD,https://w3id.org/CMECS/CMECS_00000516,CMECS_00000516,Original Unit,,,
Water Column Component,Water Column Layer ,Marine Offshore Upper Water Column,,,CMECS Water Column Subcomponent: Water Column Layer,"Marine waters above the pycnocline (or mid-depth), between the 30 meter depth contour and the shelf break.",,1.1.2,W,TBD,https://w3id.org/CMECS/CMECS_00000517,CMECS_00000517,Original Unit,,,
Water Column Component,Water Column Layer ,Marine Offshore Pycnocline,,,CMECS Water Column Subcomponent: Water Column Layer,"Marine waters within the pycnocline, between the 30 meter depth contour and the shelf break.",,1.1.2,W,TBD,https://w3id.org/CMECS/CMECS_00000513,CMECS_00000513,Original Unit,,,
Water Column Component,Water Column Layer ,Marine Offshore Lower Water Column,,,CMECS Water Column Subcomponent: Water Column Layer,"Marine waters below the pycnocline (or mid-depth), between the 30 meter depth contour and the shelf break.",,1.1.2,W,TBD,https://w3id.org/CMECS/CMECS_00000512,CMECS_00000512,Original Unit,,,
Water Column Component,Water Column Layer ,Marine Oceanic Surface Layer,,,CMECS Water Column Subcomponent: Water Column Layer,"The interface between the atmosphere and the water column, extending to a depth of several centimeters. Surface films, floating vegetation, and aggregations of materials or biota accumulate at the surface, which also represents the surface of maximum exchange of atmospheric gases, heat, and light.",,1.1.2,W,l21,https://w3id.org/CMECS/CMECS_00000511,CMECS_00000511,Original Unit,,,
Water Column Component,Water Column Layer ,Marine Oceanic Epipelagic Upper Layer,,,CMECS Water Column Subcomponent: Water Column Layer,"The Epipelagic Layer is the upper 200 meters of the oceanic water column. Within the Epipelagic, the Marine Oceanic Epipelagic Upper Layer is the region between the sea surface and the Epipelagic Pycnocline, if present, or mid-depth in the Epipelagic zone at 100 meters. This layer is generally well-mixed, well-lighted, and highly oxygenated, and supports photosynthesis largely throughout, although weakly in the lower depths. It has no contact with, and very minimal influence from land, and is very clear compared to coastal water masses. It is the zone of maximal productivity in the Oceanic Subsystem.",,1.1.2,W,l22,https://w3id.org/CMECS/CMECS_00000507,CMECS_00000507,Original Unit,,,
Water Column Component,Water Column Layer ,Marine Oceanic Epipelagic Pycnocline,,,CMECS Water Column Subcomponent: Water Column Layer,"Within the Epipelagic Layer, the Marine Oceanic Epipelagic Pycnocline is the zone of maximum vertical change in density of the water normally due to a salinity or temperature gradient, which segregates the water column into two distinct layers that are of relatively homogeneous density. The presence of a pycnocline provides a barrier to mixing between the upper and lower water columns, and this layer enhances the stability of the water column preventing mixing to the bottom.",,1.1.2,W,l23,https://w3id.org/CMECS/CMECS_00000506,CMECS_00000506,Original Unit,,,
Water Column Component,Water Column Layer ,Marine Oceanic Epipelagic Lower Layer,,,CMECS Water Column Subcomponent: Water Column Layer,"Within the Epipelagic Layer, the region below the Epipelagic pycnocline if present (or below mid-depth [100 meters]). Photosynthesis can generally occur through this layer although diminishing with depth to the critical depth for phytoplankton, which represents the point where production and respiration are in balance and no net productivity occurs. The lower bound of the Epipelagic Lower Layer is the bottom of the Epipelagic Layer at 200 meters.",,1.1.2,W,l24,https://w3id.org/CMECS/CMECS_00000505,CMECS_00000505,Original Unit,,,
Water Column Component,Water Column Layer ,Marine Oceanic Mesopelagic Layer,,,CMECS Water Column Subcomponent: Water Column Layer,"The region where light is vertically attenuated to below the level required for photosynthesis, generally between 200 meters and 1,000 meters in depth. Oxygen declines rapidly to a minimum, corresponding with the lower limit of the Mesopelagic Zone- due to high bacterial respiration from settling organic material.",,1.1.2,W,l25,https://w3id.org/CMECS/CMECS_00000509,CMECS_00000509,Original Unit,,,
Water Column Component,Water Column Layer ,Marine Oceanic Bathypelagic Layer,,,CMECS Water Column Subcomponent: Water Column Layer,"The region where light does not penetrate, rendering the water column totally dark except for bioluminescence, generally from 1,000 meters to 4,000 meters depth. Organisms at these depths are subjected to immense pressure; food webs depend on organic detritus rather than active photosynthetic production. Waters in this layer generally are composed of cold, bottom currents (from sinking water masses descending from polar latitudes).",,1.1.2,W,l26,https://w3id.org/CMECS/CMECS_00000504,CMECS_00000504,Original Unit,,,
Water Column Component,Water Column Layer ,Marine Oceanic Abyssopelagic Layer,,,CMECS Water Column Subcomponent: Water Column Layer,"The region of the water column that is generally in contact with the abyssal seafloor, except in deep basins and trenches and represents the bottom layer of the ocean, generally from 4,000 meters to 6,000 meters depth. This layer is aphotic; it receives biogenic, detrital and mineral material descending from above and this layer acts as an accumulation zone. Oozes from tests of planktonic organisms form on the seafloor and fans of sedimentary material accumulate here. There are diverse and specialized faunal communities at these depths. Trophic webs are based on chemoautotrophic processes, hydrothermal vents, decomposition of organic matter and bacterial production.",,1.1.2,W,l27,https://w3id.org/CMECS/CMECS_00000503,CMECS_00000503,Original Unit,,,
Water Column Component,Water Column Layer ,Marine Oceanic Hadalpelagic Layer,,,CMECS Water Column Subcomponent: Water Column Layer,"The deepest waters of the globe occur in trenches and deep basins generally at depths greater than 6,000 meters. There is a high degree of tectonic and thermal activity in these areas. Waters in this layer have unique characteristics of immense pressure, strong currents, accumulation of sediments and organic material; macrofauna that occur at these extreme depths have special feeding strategies and adaptations to intense pressure and total darkness.",,1.1.2,W,l28,https://w3id.org/CMECS/CMECS_00000508,CMECS_00000508,Original Unit,,,
Water Column Component,Salinity Regime,,,,CMECS Water Column Subcomponent,"Salinity in seawater results from a concentration of salts including bromine, iodine, and (principally) sodium chloride. Salinity is measured as a dimensionless conductivity ratio on the practical salinity scale (PSS), which was established by the IAPSO (International Association for the Physical Sciences of the Oceans) in 1978 (UNESCO 1981). Most marine waters have salinities between 34 and 35, while in estuaries and coastal waters salinity can vary considerably from zero to hyperhaline (greater than or equal to 40). In estuaries, the salinity distribution is a function of direct precipitation, the influx of freshwater supplied by rivers, groundwater sources and runoff from the land and marine water supplied by exchange with the ocean as a function of tidal regime. Salinity is an indicator of the dynamic or conservative nature of mixing within the water body, and is one of the defining features of the structure of coastal waters. Most aquatic organisms function optimally within a narrow range of salinities, which has impact on the ecological balance and trophic structure of communities. Salinity categories and ranges for CMECS are provided in Table 5.2.","UNESCO (United Nations Educational, Scientific and Cultural Organization). 1981. “The Practical Salinity Scale 1978 and he International Equation of State of Seawater 1980.” Appendix I, Tenth Report of the Joint Panel on Oceanographic Tables and Standards. Paris: UNESCO. UNESCO Technical Papers in Marine Science No. 36.",1.1.2,W,s,https://w3id.org/CMECS/CMECS_00001630,CMECS_00001630,Original Unit,,,
Water Column Component,Salinity Regime,Oligohaline Water,,,CMECS Water Column Subcomponent: Salinity Regime,Salinity (PSS) < 5,,1.1.2,W,s1,https://w3id.org/CMECS/CMECS_00000605,CMECS_00000605,Original Unit,,,
Water Column Component,Salinity Regime,Mesohaline Water,,,CMECS Water Column Subcomponent: Salinity Regime,Salinity (PSS) 5 to < 18,,1.1.2,W,s2,https://w3id.org/CMECS/CMECS_00000534,CMECS_00000534,Original Unit,,,
Water Column Component,Salinity Regime,Lower Polyhaline Water,,,CMECS Water Column Subcomponent: Salinity Regime,Salinity (PSS) 18 to < 25,,1.1.2,W,s3,https://w3id.org/CMECS/CMECS_00000482,CMECS_00000482,Original Unit,,,
Water Column Component,Salinity Regime,Upper Polyhaline Water,,,CMECS Water Column Subcomponent: Salinity Regime,Salinity (PSS) 25 to < 30,,1.1.2,W,s4,https://w3id.org/CMECS/CMECS_00000870,CMECS_00000870,Original Unit,,,
Water Column Component,Salinity Regime,Euhaline Water,,,CMECS Water Column Subcomponent: Salinity Regime,Salinity (PSS) 30 to < 40,,1.1.2,W,s5,https://w3id.org/CMECS/CMECS_00000327,CMECS_00000327,Original Unit,,,
Water Column Component,Salinity Regime,Hyperhaline Water,,,CMECS Water Column Subcomponent: Salinity Regime,Salinity (PSS) greater than or equal to 40,,1.1.2,W,s6,https://w3id.org/CMECS/CMECS_00000428,CMECS_00000428,Original Unit,,,
Water Column Component,Temperature Regime,,,,CMECS Water Column Subcomponent,"Temperature is a measure of kinetic energy, and in most cases decreases with depth in the water column. The mean temperature of oceanic seawater, which by volume is principally at depth, is generally low, 0 – 5o C, but higher in the water column temperatures tend to converge toward air temperature at the surface. Marine waters are structured vertically with a mixed surface layer having little gradient in temperature, a thermocline with a highly variable gradient, and underlying waters with little stratification. A thermocline is established between an upper layer of one temperature and a lower layer of another and can be seasonal or permanent depending on the circulation and weather patterns. Pronounced thermoclines occur in the tropics, and essentially none occur in Polar Regions. In estuaries, temperatures are more variable because waters are shallower and under more influence of the temperature of inflowing freshwaters or of tidal marine waters. Temperature has a considerable impact on ecosystem functioning, affecting photosynthesis, growth, metabolism, and mobility of organisms. Rates of microbial processes of decomposition, nitrogen fixation and denitrification generally double with each increase of 10o C. Organisms tolerate a particular temperature range, and the temperature optimum range may span only a few degrees. The solubility of gases and pH are dependent on temperature, and temperature influences the ability of water to hold oxygen or oxic status.
Temperature categories are established in intervals of sufficient range and resolution to provide meaningful ecological differences yet yield a parsimonious number of categories. Temperature categories are based on the British Columbia Marine Ecological Classification for Canada (Howes, Harper, and Owens 1994, Zacharias et al. 1998, Resource Information Standards Committee 2002), modified to add the higher temperature ranges typical of the subtropics and tropics. Categories for water mass temperature are established in Table 5.3.","Howes, D. E., J. R. Harper, and E. Owens. 1994. British Columbia Physical Shore-zone Mapping System. British Columbia, Canada: Resource Inventory Committee.|Zacharias, M. A., D. E. Howes, J. R. Harper, and P. Wainwright. 1998. “The British Columbia Marine Ecosystem Classification: Rationale, Development, and Verification.” Coastal Management 26: 105–124.|Resource Information Standards Committee. 2002. British Columbia Marine Ecological Classification: Marine Ecosections and Ecounits, Version 2. British Columbia, Canada: Resources Information Standards Committee.",1.1.2,W,t,https://w3id.org/CMECS/CMECS_00000822,CMECS_00000822,Original Unit,,,
Water Column Component,Temperature Regime,Frozen/Superchilled Water,,,CMECS Water Column Subcomponent: Temperature Regime,0°C and below,,1.1.2,W,t1,https://w3id.org/CMECS/CMECS_00001462,CMECS_00001462,Original Unit,,,
Water Column Component,Temperature Regime,Very Cold Water,,,CMECS Water Column Subcomponent: Temperature Regime,0°C to < 5°C (liquid),,1.1.2,W,t2,https://w3id.org/CMECS/CMECS_00000880,CMECS_00000880,Original Unit,,,
Water Column Component,Temperature Regime,Cold Water,,,CMECS Water Column Subcomponent: Temperature Regime,5°C to < 10°C,,1.1.2,W,t3,https://w3id.org/CMECS/CMECS_00000180,CMECS_00000180,Original Unit,,,
Water Column Component,Temperature Regime,Cool Water,,,CMECS Water Column Subcomponent: Temperature Regime,10°C to < 15°C,,1.1.2,W,t4,https://w3id.org/CMECS/CMECS_00000190,CMECS_00000190,Original Unit,,,
Water Column Component,Temperature Regime,Moderate Water,,,CMECS Water Column Subcomponent: Temperature Regime,15°C to < 20°C,,1.1.2,W,t5,https://w3id.org/CMECS/CMECS_00000563,CMECS_00000563,Original Unit,,,
Water Column Component,Temperature Regime,Warm Water,,,CMECS Water Column Subcomponent: Temperature Regime,20°C to < 25°C,,1.1.2,W,t6,https://w3id.org/CMECS/CMECS_00000889,CMECS_00000889,Original Unit,,,
Water Column Component,Temperature Regime,Very Warm Water,,,CMECS Water Column Subcomponent: Temperature Regime,25°C to < 30°C,,1.1.2,W,t7,https://w3id.org/CMECS/CMECS_00000885,CMECS_00000885,Original Unit,,,
Water Column Component,Temperature Regime,Hot Water,,,CMECS Water Column Subcomponent: Temperature Regime,30°C to < 35°C,,1.1.2,W,t8,https://w3id.org/CMECS/CMECS_00000421,CMECS_00000421,Original Unit,,,
Water Column Component,Temperature Regime,Very Hot Water,,,CMECS Water Column Subcomponent: Temperature Regime,Greater than or equal to 35°C,,1.1.2,W,t9,https://w3id.org/CMECS/CMECS_00000883,CMECS_00000883,Original Unit,,,
Water Column Component,Hydroform,,,,CMECS Water Column Subcomponent,"Hydroforms are physical entities that have a coherent, definable structure with identifiable boundaries and characteristic physical properties. The Hydroform Subcomponent is a hierarchy of three levels consisting of Hydroform Classes, Hydroforms and Hydroform Types. Hydroforms are ecologically important because they shape their environment by creating gradients, surfaces, barriers, compartments and energy vectors. They strongly influence the distribution and condition of biota and often act as habitat by creating a complex environmental structure, by facilitating and enhancing transport of materials and energy, cycling nutrients, providing refugia, aggregating food resources, and providing migration paths. They influence the transfer of heat, salts, oxygen, carbon dioxide, trace elements, momentum, predicted trajectory, temporal persistence and associated fauna. Hydroforms vary extensively in size, volume, areal extent, persistence, and ecological significance.
In this standard hydroforms are represented conceptually as the average expression of their defining characteristics. The boundaries of the hydroforms are to be determined by methodology, technology limits, user objectives and application and lie along a continuum. Implementation guidance will be developed to assist in determining quantitative cutoffs that define their boundaries.",,1.1.2,W,h,https://w3id.org/CMECS/CMECS_00000423,CMECS_00000423,Original Unit,,,
Water Column Component,Hydroform,Current,,,CMECS Water Column Subcomponent: Hydroform  ,"Water that is undergoing coherent mass movement, either as laminar or turbulent flow, relative to surrounding waters and fixed structural, landform or geologic features. A directional, coherently flowing water mass. Currents operate on a wide range of temporal and spatial scales from huge ocean gyres and major surface and deep-water currents of the ocean operating on annual timescales to tidal currents that operate on sub daily timescales. However, all currents have features in common: the advective movement and transport of water, constituents (such as particulates and dissolved compounds), qualities (such as temperature and salinity) and biota (such as plankton, nekton, and megafauna). Currents are driven by gravity flow, geostrophic flow, density differences, hydraulic differential or energy input. They may be isolated from land and freely flowing in the water column as is the Gulf Stream, or they may be in channelized flow or long-shore flow. Currents that impact land also shape the littoral zone or sea bottom by winnowing sediments, physically mixing or shearing substrates and biota and creating geoforms such as sand ripples and bars.",,1.1.2,W,h1,https://w3id.org/CMECS/CMECS_00000213,CMECS_00000213,Original Unit,,,
Water Column Component,Hydroform,Current,Boundary Current,,CMECS Water Column Subcomponent: Hydroform Type,The portion of an ocean gyre that moves along the continental boundary.,,1.1.2,W,h1.1,https://w3id.org/CMECS/CMECS_00000111,CMECS_00000111,Original Unit,,,
Water Column Component,Hydroform,Current,Boundary Current,Eastern Boundary Current,CMECS Water Column Subcomponent: Hydroform Type,"The eastern portion of the great ocean gyres circulating in the ocean basins against west continental coasts. They may be broad or narrow and meandering; they transport colder water into the tropics. EBCs are typically shallow and slow-flowing compared to the Western boundary currents. EBCs may be associated with upwellings and nutrient rich seas that can support very productive fisheries, such as in the Peruvian Upwelling.",,1.1.2,W,h1.1.1,https://w3id.org/CMECS/CMECS_00000270,CMECS_00000270,Original Unit,,,
Water Column Component,Hydroform,Current,Boundary Current,Western Boundary Current,CMECS Water Column Subcomponent: Hydroform  ,"The western portion of the great ocean gyre circulation, which moves along the eastern coasts of the continents. These currents are deeper (up to 1,000 meters) and faster moving than eastern counterparts. The western intensification, due to Coriolis forces being stronger in the latitudes of the Westerlies that steer Western boundary currents, is responsible for the great speed and intensity of these currents. WBCs transport warmer tropical waters into the cold higher latitudes and have a great effect on both oceanic and terrestrial climate, water temperatures and distribution of biota.",,1.1.2,W,h1.1.2,https://w3id.org/CMECS/CMECS_00000906,CMECS_00000906,Original Unit,,,
Water Column Component,Hydroform,Current,Buoyancy Flow,,CMECS Water Column Subcomponent: Hydroform Type,"Current flow created by discontinuity in buoyancy of two juxtaposed water masses of different density, causing one to flow relative to the other toward buoyancy equilibrium.",,1.1.2,W,h1.2,https://w3id.org/CMECS/CMECS_00000122,CMECS_00000122,Original Unit,,,
Water Column Component,Hydroform,Current,Buoyancy Flow,Downwelling,CMECS Water Column Subcomponent: Hydroform Type,Downwardly-directed current caused by convergence of water masses.,,1.1.2,W,h1.2.1,https://w3id.org/CMECS/CMECS_00000253,CMECS_00000253,Original Unit,,,
Water Column Component,Hydroform,Current,Buoyancy Flow,Upwelling,CMECS Water Column Subcomponent: Hydroform  ,Upwardly-directed current caused by divergence of water masses,,1.1.2,W,h1.2.2,https://w3id.org/CMECS/CMECS_00000871,CMECS_00000871,Original Unit,,,
Water Column Component,Hydroform,Current,Current Meander,,CMECS Water Column Subcomponent: Hydroform  ,"A current that deviates from a straight line flow, which is often the result of incursion by lateral currents or the presence of a physical or density barrier. Meanders can pinch off from the main current flow and form rings.",,1.1.2,W,h1.3,https://w3id.org/CMECS/CMECS_00000214,CMECS_00000214,Original Unit,,,
Water Column Component,Hydroform,Current,Deep Boundary Current,,CMECS Water Column Subcomponent: Hydroform  ,"A current that connects high-latitude ocean waters (where deep water is formed) with upwelling regions. The core depths of these currents are between 1,500 meters and 4,000 meters. Western-located Deep Boundary Currents lie adjacent to continental slopes in all ocean basins.",,1.1.2,W,h1.4,https://w3id.org/CMECS/CMECS_00000225,CMECS_00000225,Original Unit,,,
Water Column Component,Hydroform,Current,Deep Circulation,,CMECS Water Column Subcomponent: Hydroform Type,"The mass circulation of the oceans that carries cold polar surface water to depth, sinking due to higher density and wind forcing. The mass transport also carries salt, oxygen, and other properties. Deep circulation is wind driven, with a tidal mixing component. It cools the surface and evaporates water, which determines where deep convection occurs. Wind-driven turbulence in the deep ocean mixes cold water upward at lower latitudes. Deep circulation has relative slow current movements but transport of water is comparable to surface transport and is responsible for closing the Earth's heat budget and determining climate.",,1.1.2,W,h1.5,https://w3id.org/CMECS/CMECS_00000226,CMECS_00000226,Original Unit,,,
Water Column Component,Hydroform,Current,Deep Circulation,Abyssal Deep Circulation,CMECS Water Column Subcomponent: Hydroform Type,"Deep, slow circulation in the abyssal zone driven by horizontal differences in density of water masses. The vast majority of ocean circulation is of this type, initiating by the sinking of cold water in the high latitudes to the ocean bottom, and spreading throughout the abyssal plains of the ocean basins.",,1.1.2,W,h1.5.1,https://w3id.org/CMECS/CMECS_00000000,CMECS_00000000,Original Unit,,,
Water Column Component,Hydroform,Current,Deep Circulation,Bathyl Deep Circulation,CMECS Water Column Subcomponent: Hydroform  ,"Deep, slow circulation in the bathyl zone driven by horizontal differences in density of water masses. Water sinks down the continental slope and through the bathyl zone as part of thermohaline ocean circulation.",,1.1.2,W,h1.5.3,https://w3id.org/CMECS/CMECS_00000087,CMECS_00000087,Original Unit,,,
Water Column Component,Hydroform,Current,Deep Convection,,CMECS Water Column Subcomponent: Hydroform  ,Large mass flows of water in the deep ocean that form critical parts (and return paths) of the great ocean circulation.,,1.1.2,W,h1.6,https://w3id.org/CMECS/CMECS_00000227,CMECS_00000227,Original Unit,,,
Water Column Component,Hydroform,Current,Density Flow,,CMECS Water Column Subcomponent: Hydroform  ,Flow caused by differential density between two convergent water masses- or by a parcel of denser water flowing along a sloping bottom under a column of less-dense water.,,1.1.2,W,h1.7,https://w3id.org/CMECS/CMECS_00000232,CMECS_00000232,Original Unit,,,
Water Column Component,Hydroform,Current,Ekman Flow,,CMECS Water Column Subcomponent: Hydroform Type,"The flow of water at 90? to the direction of the wind, at steady state, due to Earth's rotational effect.",,1.1.2,W,h1.8,https://w3id.org/CMECS/CMECS_00000280,CMECS_00000280,Original Unit,,,
Water Column Component,Hydroform,Current,Ekman Flow,Ekman Upwelling,CMECS Water Column Subcomponent: Hydroform Type,"Upwardly-directed current resulting from either the divergence of water masses or from movement of surface water away from the coast. At the divergence of two water masses (or the wind-driven movement of water away from a coastline), continuity of mass flow will move water from depth to the surface as replacement. In the nearshore, the circulation will bring the water from the shallow bottom. In deeper waters, the upwelling will carry water from a variety of depths- from near the surface to depths to as great as 500 meters (below the pycnocline). Because the upwelled water is working against gravity, its maximum influence is not as great as downwelled water (which is aided by gravity); however, the upwelling can reach into the mesopelagic zone.",,1.1.2,W,h1.8.1,https://w3id.org/CMECS/CMECS_00000281,CMECS_00000281,Original Unit,,,
Water Column Component,Hydroform,Current,Ekman Flow,Ekman Downwelling,CMECS Water Column Subcomponent: Hydroform  ,"Downwardly-directed current, resulting from either the convergence of water masses or from the convergence of a water mass with a coastline. At this convergence, gravity will force water into a downwelling, which will carry surface water to greater depths. In the nearshore, the circulation will take the water to the shallow bottom and then move seaward. In deeper waters, the downwelling will carry water to a depth determined by energy dissipation and relative density considerations; the maximum downwelling depth can be into the abyssalpelagic zone.",,1.1.2,W,h1.8.2,https://w3id.org/CMECS/CMECS_00000279,CMECS_00000279,Original Unit,,,
Water Column Component,Hydroform,Current,Inertial Current,,CMECS Water Column Subcomponent: Hydroform  ,"Currents that continue motion through inertia. Due to the rotation of the Earth, inertial currents tend to form circular gyres.",,1.1.2,W,h1.9,https://w3id.org/CMECS/CMECS_00000433,CMECS_00000433,Original Unit,,,
Water Column Component,Hydroform,Current,Langmuir Circulation,,CMECS Water Column Subcomponent: Hydroform  ,"Rotational oscillatory motion of surface waters induced by wind and Coriolis deflection. This circulation is caused by the transport of a parcel of water obliquely to the direction of wind transport due to the apparent Coriolis force imparted by the rotation of the earth. In the Northern Hemisphere this vector is to the right of the wind direction, in the Southern Hemisphere, it is to the left. This causes a piling of water in cells lateral to the direction of travel. The piled water sinks to balance forces, and it also circulates to create elongated tubular circulations of water at the surface. Langmuir cells are important to productivity by circulating water through the water column, and form fronts at the junction of two Langmuir cells that are important points of aggregation and feeding of plankton and higher trophic levels (Wetzel 2001).","Wetzel, R. G. 2001. Limnology. Lake and River Ecosystems. San Diego, CA: Academic Press.",1.1.2,W,h1.10,https://w3id.org/CMECS/CMECS_00000457,CMECS_00000457,Original Unit,,,
Water Column Component,Hydroform,Current,Mean Surface Current,,CMECS Water Column Subcomponent: Hydroform Type,The time-averaged steady state ocean surface current pattern responsible for mean oceanic water motions.,,1.1.2,W,h1.11,https://w3id.org/CMECS/CMECS_00000525,CMECS_00000525,Original Unit,,,
Water Column Component,Hydroform,Current,Mean Surface Current,North Equatorial Surface Current,CMECS Water Column Subcomponent: Hydroform Type,"The southern portion of the northern ocean gyres. This current flows westward, is maintained by the trade winds, and entrains some water from southern oceans into the northern oceans. It is accompanied by a weaker easterly-flowing counter current.",,1.1.2,W,h1.11.1,https://w3id.org/CMECS/CMECS_00000597,CMECS_00000597,Original Unit,,,
Water Column Component,Hydroform,Current,Mean Surface Current,South Equatorial Surface Current,CMECS Water Column Subcomponent: Hydroform  ,"The counterpart to the North Equatorial current, also flows east to west, forming the northern limb of the southern ocean gyres.",,1.1.2,W,h1.11.2,https://w3id.org/CMECS/CMECS_00000779,CMECS_00000779,Original Unit,,,
Water Column Component,Hydroform,Current,Mesoscale Eddy,,CMECS Water Column Subcomponent: Hydroform Type,"A rotational feature that (a) breaks off of an ocean gyre or large current (such as the Gulf Stream) and (b) persist autonomously for some period (from days to months) at sizes of 20 kilometers to 500 kilometers. These eddies play an important role in ocean mixing- and in sheltering and acting as nursery waters for biota. The most energetic eddies are at the smaller end of the spatial scale. The larger eddies (called mesoscale eddies) are slower moving, but they persist for many months and are ubiquitous in the global oceans. Mesoscale Eddies are most prevalent in the North Atlantic and North Pacific, but they can occur in all oceans.",,1.1.2,W,h1.12,https://w3id.org/CMECS/CMECS_00000535,CMECS_00000535,Original Unit,,,
Water Column Component,Hydroform,Current,Mesoscale Eddy,Cold Core Ring,CMECS Water Column Subcomponent: Hydroform Type,"An eddy that forms when a boundary current meander pinches off and closes, trapping a parcel of colder water in a surrounding ring of warmer water. The ring measures up to 300 kilometers and extends to 4,000 meters depth or the ocean bottom. The colder water in the core tends to be higher in nutrients and more productive than that in the surrounding ring, so they become islands of biological activity as they move through the ocean. Rings form in all oceans and can persist for months to years.",,1.1.2,W,h1.12.1,https://w3id.org/CMECS/CMECS_00000177,CMECS_00000177,Original Unit,,,
Water Column Component,Hydroform,Current,Mesoscale Eddy,Warm Core Ring,CMECS Water Column Subcomponent: Hydroform  ,"An eddy that form when a boundary current pinches off a parcel of warmer water. The ring measures 100-200 kilometers and extends to 1,500 meters depth. The warm water in the core tends to be less productive than the colder, nutrient rich waters in the ring.",,1.1.2,W,h1.12.2,https://w3id.org/CMECS/CMECS_00000887,CMECS_00000887,Original Unit,,,
Water Column Component,Hydroform,Current,Residual Current,,CMECS Water Column Subcomponent: Hydroform Type,Current movement resulting from asymmetry in tidal flow- notably within a partially enclosed estuary or embayment- that results in characteristic estuarine circulation patterns.,,1.1.2,W,h1.13,https://w3id.org/CMECS/CMECS_00000670,CMECS_00000670,Original Unit,,,
Water Column Component,Hydroform,Current,Residual Current,Fjord Circulation,CMECS Water Column Subcomponent: Hydroform Type,"Circulation in estuaries that possess a sill at the seaward end, inhibiting inflow of seawater into the bottom waters. Seawater flows over the sill mixing into the intermediate water of the estuary, and sinking to the bottom. The estuary receives freshwater input in excess of evaporation and the resulting brackish mixture is exported across the sill into the ocean end-member. The limited exchange of bottom waters can promote hypoxic conditions in some fjord estuaries.",,1.1.2,W,h1.13.1,https://w3id.org/CMECS/CMECS_00000351,CMECS_00000351,Original Unit,,,
Water Column Component,Hydroform,Current,Residual Current,Partially Mixed Domain,CMECS Water Column Subcomponent: Hydroform Type,"An estuarine circulation with an intermediate level of advective and tidal energy, that can disrupt the density barrier between the fresher upper and salty lower water column of an estuary, entraining water in both directions. This results in a gradient of increasing salinity from top to bottom, with no barrier to mixing.",,1.1.2,W,h1.13.2,https://w3id.org/CMECS/CMECS_00000627,CMECS_00000627,Original Unit,,,
Water Column Component,Hydroform,Current,Residual Current,Reverse Estuarine Flow,CMECS Water Column Subcomponent: Hydroform Type,"An estuarine circulation where evaporation greatly exceeds freshwater input, as in hot dry climes, salinity is concentrated within the estuarine basin. This results in a salinity maximum in the estuary that can far exceed seawater salinity.",,1.1.2,W,h1.13.3,https://w3id.org/CMECS/CMECS_00000672,CMECS_00000672,Original Unit,,,
Water Column Component,Hydroform,Current,Residual Current,Salt Wedge Domain,CMECS Water Column Subcomponent: Hydroform Type,"Portions of estuaries that have an unimpeded connection of bottom waters to the sea develop a wedge-shaped formation of high-salinity water in the bottom, with lower salinity water from upstream freshwater loading in the upper water column. The wedge form is developed as hydrostatic pressure of river water pushes against the incoming seawater and, being less dense, rides over it. The difference in salinity and density is important in estuarine chemistry and biology as the density barrier between upper and lower water columns restrains mixing and transport across the transitional gradient, called the pycnocline. This leads to an upper, autotrophic and lower, generally heterotrophic portion of the water column.",,1.1.2,W,h1.13.4,https://w3id.org/CMECS/CMECS_00000698,CMECS_00000698,Original Unit,,,
Water Column Component,Hydroform,Current,Residual Current,Well-mixed Domain,CMECS Water Column Subcomponent: Hydroform  ,"Reaches of estuaries where the tidal flux and/or the river discharge is sufficient to overcome the salt-wedge structure, the water column becomes well-mixed and vertical homogeneous.",,1.1.2,W,h1.13.5,https://w3id.org/CMECS/CMECS_00000905,CMECS_00000905,Original Unit,,,
Water Column Component,Hydroform,Current,Sub-mesoscale Eddy,,CMECS Water Column Subcomponent: Hydroform  ,A reverse current with rotational movement created when fluid flows past an obstacle. Sub-mesoscale eddies are of size scale smaller than 20 kilometers.,,1.1.2,W,h1.14,https://w3id.org/CMECS/CMECS_00000799,CMECS_00000799,Original Unit,,,
Water Column Component,Hydroform,Current,Thermohaline Eddy,,CMECS Water Column Subcomponent: Hydroform  ,Eddy formation due to the interaction of temperature and salinity differences between two water masses initiating convective flow.,,1.1.2,W,h1.15,https://w3id.org/CMECS/CMECS_00000829,CMECS_00000829,Original Unit,,,
Water Column Component,Hydroform,Current,Tidal Flow,,CMECS Water Column Subcomponent: Hydroform Type,"Advective flow resulting from of tidal movement, often amplified in velocity when moving through an inlet, pass or channel. Tides are important in mixing the water column and transporting water, salt, nutrients and biota, particularly weak-swimming larval or non-motile planktonic forms. The life cycles of many organisms depend on tidal transport for survival.",,1.1.2,W,h1.16,https://w3id.org/CMECS/CMECS_00000831,CMECS_00000831,Original Unit,,,
Water Column Component,Hydroform,Current,Tidal Flow,Diurnal Tidal Flow,CMECS Water Column Subcomponent: Hydroform Type,"Tidal ocean waters where, due to the geometry of the ocean basin and obstructions presented by land, a second daily tide is suppressed, resulting in a single or diurnal tide regime with one high and one low tide per day, as in the Gulf of Mexico.",,1.1.2,W,h1.16.1,https://w3id.org/CMECS/CMECS_00000249,CMECS_00000249,Original Unit,,,
Water Column Component,Hydroform,Current,Tidal Flow,Mixed Semi-diurnal Tidal Flow,CMECS Water Column Subcomponent: Hydroform Type,"Tidal ocean waters where the amplitudes of two semi-diurnal tides are unequal, resulting in a stronger and a weaker high and low tide each day.",,1.1.2,W,h1.16.2,https://w3id.org/CMECS/CMECS_00000554,CMECS_00000554,Original Unit,,,
Water Column Component,Hydroform,Current,Tidal Flow,Semi-diurnal Tidal Flow,CMECS Water Column Subcomponent: Hydroform  ,Tidal ocean waters where the gravitational action of the sun and moon on Earth's oceans create two high and two low tides per day of relatively equal amplitude.,,1.1.2,W,h1.16.3,https://w3id.org/CMECS/CMECS_00000729,CMECS_00000729,Original Unit,,,
Water Column Component,Hydroform,Current,Turbidity Flow,,CMECS Water Column Subcomponent: Hydroform  ,A flow of water down slope carrying a dense suspension of fluid mud or unconsolidated material.,,1.1.2,W,h1.17,https://w3id.org/CMECS/CMECS_00000861,CMECS_00000861,Original Unit,,,
Water Column Component,Hydroform,Current,Wave-driven Current,,CMECS Water Column Subcomponent: Hydroform Type,Residual current caused by asymmetrical force created by wave motion.,,1.1.2,W,h1.18,https://w3id.org/CMECS/CMECS_00000903,CMECS_00000903,Original Unit,,,
Water Column Component,Hydroform,Current,Wave-driven Current,Longshore Current,CMECS Water Column Subcomponent: Hydroform Type,"A current that moves parallel to or at an oblique angle to the shoreline, carrying water and often transporting soft sediments downstream. Prevailing wind and wave directions can persist in a longshore direction for long periods, and are commonly responsible for the formation of spits, bars and many barrier islands.",,1.1.2,W,h1.18.1,https://w3id.org/CMECS/CMECS_00000479,CMECS_00000479,Original Unit,,,
Water Column Component,Hydroform,Current,Wave-driven Current,Rip Current,CMECS Water Column Subcomponent: Hydroform Type,A formation of water flow in a seaward direction generated by wave action and local topography nearshore. Shallow depressions in the sea floor or breaks in a bar will channel receding water at high velocity away from shore and through the surf zone after onshore wave action.,,1.1.2,W,h1.18.2,https://w3id.org/CMECS/CMECS_00000678,CMECS_00000678,Original Unit,,,
Water Column Component,Hydroform,Current,Wave-driven Current,Undertow,CMECS Water Column Subcomponent: Hydroform  ,Seaward-directed current generated by water that is receding from the shoreline after wave run up.,,1.1.2,W,h1.18.3,https://w3id.org/CMECS/CMECS_00000868,CMECS_00000868,Original Unit,,,
Water Column Component,Hydroform,Current,Wind-driven Current,,CMECS Water Column Subcomponent: Hydroform Class,"Current caused by wind shear as distinguished by those caused by density differences, which result in thermohaline circulation. Though only a portion of the oceans are exposed to wind energy, winds are responsible for the great ocean gyres, dominant features of ocean circulation.",,1.1.2,W,h1.19,https://w3id.org/CMECS/CMECS_00000909,CMECS_00000909,Original Unit,,,
Water Column Component,Hydroform,Front,,,CMECS Water Column Subcomponent: Hydroform  ,"Front Hydroforms are linear features formed at the conjunction of two or more water masses with different properties. Fronts are formed in many different ways when two water masses juxtapose. The front itself becomes a third water feature, and it has several distinctive properties of its own, including current speed and direction, physicochemical properties derived from the two merging water masses, sharp gradients in properties (such as salinity, temperature, nutrients and water clarity) and an accumulation of matter and biota. In estuaries, fronts can occur at the boundaries of horizontal layers between fresher upper layers and saltier bottom waters; in the ocean, fronts can occur between the upper mixed layer and lower layers.",,1.1.2,W,h2,https://w3id.org/CMECS/CMECS_00000380,CMECS_00000380,Original Unit,,,
Water Column Component,Hydroform,Front,Coastal Upwelling Front,,CMECS Water Column Subcomponent: Hydroform  ,A frontal interface where a nearshore upwelling occurs due to local turbulent mixing. The upwelling front develops between the upwelling water and the coastal water mass.,,1.1.2,W,h2.1,https://w3id.org/CMECS/CMECS_00000169,CMECS_00000169,Original Unit,,,
Water Column Component,Hydroform,Front,Shelf-break Front,,CMECS Water Column Subcomponent: Hydroform  ,"Frontal formations where cross-shelf waters encounter slope waters from the deeper oceans, often associated with upwelling. The seasonally transitional features are sites of high temperature, salinity and density gradients and often of high productivity where deep upwelled water contributes high nutrients.",,1.1.2,W,h2.2,https://w3id.org/CMECS/CMECS_00000739,CMECS_00000739,Original Unit,,,
Water Column Component,Hydroform,Front,Tidal Front,,CMECS Water Column Subcomponent: Hydroform Class,"A front created by the linear convergence of two water masses brought into juxtaposition by tidal action. Generally the two masses will have differential characteristics such as temperature, density, and often of color and productivity. Fronts can be maintained as distinct due to these differences, which inhibit mixing across a density barrier. There is often strong vertical mixing on either side of the front, producing upwelling and aggregations of biota feeding on the material grown <in situ> or accumulated at the front.",,1.1.2,W,h2.3,https://w3id.org/CMECS/CMECS_00000832,CMECS_00000832,Original Unit,,,
Water Column Component,Hydroform,Water Mass,,,CMECS Water Column Subcomponent: Hydroform  ,"The Water Mass Hydroform Class refers to a parcel of water with homogeneous properties (e.g., chemical, physical). If no other hydroform applies (or sufficient information is not available to classify the hydroform), the default would be a water mass that describes the general properties of the parcel. Any physicochemical property (or properties) can define a water mass. Common water mass types are those of homogeneous salinity, temperature or density- or a combination of those properties. The properties of a water mass generally change relatively slowly, because the factors that created and constrain the homogeneity tend to be buffered by the inertial properties of water itself. Thermal mass of water, for example, means that the water temperature will change much more slowly than air temperature. Non-conservative properties (such as nutrient concentration or pH) can change much more quickly, because biological processes can alter them.",,1.1.2,W,h3,https://w3id.org/CMECS/CMECS_00000897,CMECS_00000897,Original Unit,,,
Water Column Component,Hydroform,Water Mass,Background Mesoscale Field,,CMECS Water Column Subcomponent: Hydroform  ,A water mass characterized by organized ocean-surface currents formed by coupled eddies (at the mesoscale length scale); responsible for much of water movement on the ocean surface.,,1.1.2,W,h3.1,https://w3id.org/CMECS/CMECS_00000071,CMECS_00000071,Original Unit,,,
Water Column Component,Hydroform,Water Mass,Fumarole Plume,,CMECS Water Column Subcomponent: Hydroform  ,A plume of hot gases venting from the sea bottom associated with volcanic or tectonic activity from cracks in the Earth's crust; often a site of significant chemoautotrophic activity.,,1.1.2,W,h3.2,https://w3id.org/CMECS/CMECS_00000381,CMECS_00000381,Original Unit,,,
Water Column Component,Hydroform,Water Mass,Hydrothermal Plume,,CMECS Water Column Subcomponent: Hydroform Type,"A discharge of hot fluids from sea-bottom vents associated with volcanic or tectonic activity. The fluids are often laden with high concentrations of minerals, which impart either a dark- even black- color or a white color. These minerals precipitate readily out of supersaturation.",,1.1.2,W,h3.3,https://w3id.org/CMECS/CMECS_00000425,CMECS_00000425,Original Unit,,,
Water Column Component,Hydroform,Water Mass,Hydrothermal Plume,Detached Hydrothermal Plume,CMECS Water Column Subcomponent: Hydroform  ,"A parcel of hot, mineral rich water that has become detached from its source and forms a persistent lens within the water column.",,1.1.2,W,h3.3.1,https://w3id.org/CMECS/CMECS_00000234,CMECS_00000234,Original Unit,,,
Water Column Component,Hydroform,Water Mass,Ice,,CMECS Water Column Subcomponent: Hydroform Type,"Frozen form of water, which is less dense than liquid water; ice floats on the surface of liquid water, sometimes extending into deep water zones. This property drives a number of important biological and physical processes in the ocean, including preventing freezing of the ocean to the bottom. Ice either floats on- or forms a solid cover on- the underlying water, which isolates atmospheric input for the duration of cover. Nonetheless, strong circulation and water motion occurs in the aquatic system under the ice (driven by advection of adjacent water masses or thermal convection). Because freshwater freezes at a higher temperature than salt water, surface freezing of the ocean concentrates salt brine in the liquid water below the ice. Ice formation and ice cover maintenance is relatively stable in both spatial and temporal terms, determined by relative air and water temperatures, velocity of water movements, and geomorphology of the setting.",,1.1.2,W,h3.4,https://w3id.org/CMECS/CMECS_00000429,CMECS_00000429,Original Unit,,,
Water Column Component,Hydroform,Water Mass,Ice,Drift Ice,CMECS Water Column Subcomponent: Hydroform Type,Ice that floats freely on the sea surface.,,1.1.2,W,h3.4.1,https://w3id.org/CMECS/CMECS_00000259,CMECS_00000259,Original Unit,,,
Water Column Component,Hydroform,Water Mass,Ice,Fast Ice,CMECS Water Column Subcomponent: Hydroform Type,"Ice that is attached to a land mass such as the coast or, in shallow water, the sea floor.",,1.1.2,W,h3.4.2,https://w3id.org/CMECS/CMECS_00000334,CMECS_00000334,Original Unit,,,
Water Column Component,Hydroform,Water Mass,Ice,Frazil or Grease Ice,CMECS Water Column Subcomponent: Hydroform Type,"Ice formation that develops when super-cooled water is turbulently mixed, permitting development of small ice crystals which continually fragment and break up without forming ice cover. Over time a slushy suspension of increasing density forms on the surface of the water. In quiet conditions frazil crystals can freeze together to form a continuous thin sheet of young ice.",,1.1.2,W,h3.4.3,https://w3id.org/CMECS/CMECS_00000370,CMECS_00000370,Original Unit,,,
Water Column Component,Hydroform,Water Mass,Ice,Ice Field,CMECS Water Column Subcomponent: Hydroform Type,Expanse of ice greater in size than an ice floe (greater than or equal to 10 kilometers in any dimension).,,1.1.2,W,h3.4.4,https://w3id.org/CMECS/CMECS_00000430,CMECS_00000430,Original Unit,,,
Water Column Component,Hydroform,Water Mass,Ice,Ice Floe,CMECS Water Column Subcomponent: Hydroform Type,Large floating ice chunk less than 10 kilometers on its longest axis.,,1.1.2,W,h3.4.5,https://w3id.org/CMECS/CMECS_00000431,CMECS_00000431,Original Unit,,,
Water Column Component,Hydroform,Water Mass,Ice,Pack Ice,CMECS Water Column Subcomponent: Hydroform Type,"Accumulation of drift ice into a large floating mass, often against a continental shoreline.",,1.1.2,W,h3.4.6,https://w3id.org/CMECS/CMECS_00000622,CMECS_00000622,Original Unit,,,
Water Column Component,Hydroform,Water Mass,Ice,Pancake Ice,CMECS Water Column Subcomponent: Hydroform Type,Thin plaques of compressed ice particles formed by wave action into plates several meters in diameter that float on the sea surface.,,1.1.2,W,h.3.4.7,https://w3id.org/CMECS/CMECS_00000623,CMECS_00000623,Original Unit,,,
Water Column Component,Hydroform,Water Mass,Ice,Polnya,CMECS Water Column Subcomponent: Hydroform  ,"An area of open, liquid seawater surrounded by ice.",,1.1.2,W,h3.4.8,https://w3id.org/CMECS/CMECS_00000655,CMECS_00000655,Original Unit,,,
Water Column Component,Hydroform,Water Mass,Mesoscale Lens,,CMECS Water Column Subcomponent: Hydroform Type,"A trapped, homogeneous parcel of water lying within (or atop) larger ocean fields due to density differences. These hydroforms are 30 - 300 kilometers in size.",,1.1.2,W,h3.5,https://w3id.org/CMECS/CMECS_00000536,CMECS_00000536,Original Unit,,,
Water Column Component,Hydroform,Water Mass,Mesoscale Lens,River/Estuary Plume,CMECS Water Column Subcomponent: Hydroform Type,"Formation of water resulting from the discharge of low-salinity water into marine waters of the ocean, forming a distinct layer of water on top of the seawater due to its lower density. The plume can extend for many kilometers and persist for months after the freshwater flow has stopped before being entrained into the seawater. These plumes are typically higher in nutrients, turbidity and productivity than the surrounding seawater and can gradually deliver those water quality characteristics to the adjacent ocean water.",,1.1.2,W,h3.5.1,https://w3id.org/CMECS/CMECS_00001561,CMECS_00001561,Original Unit,,,
Water Column Component,Hydroform,Water Mass,Mesoscale Lens,Meddy,CMECS Water Column Subcomponent: Hydroform  ,"A lens of water that enters the eastern Atlantic from the Mediterranean Sea, flows down the Continental slope and pinches off at the depth of neutral buoyancy, about 1,000 meters. The salty warm water rotates clockwise and travels slowly westward in the Atlantic, persisting for many months.",,1.1.2,W,h3.5.2,https://w3id.org/CMECS/CMECS_00000526,CMECS_00000526,Original Unit,,,
Water Column Component,Hydroform,Water Mass,Microscale Lens,,CMECS Water Column Subcomponent: Hydroform Type,A homogeneous parcel of water on the order of meters to a few kilometers positioned within (or atop) a larger ocean fields of different density.,,1.1.2,W,h3.6,https://w3id.org/CMECS/CMECS_00000547,CMECS_00000547,Original Unit,,,
Water Column Component,Hydroform,Water Mass,Microscale Lens,Small Freshwater Plume,CMECS Water Column Subcomponent: Hydroform  ,"Similar to a river plume but on smaller scale and can be initiated from variety of sources such as a groundwater seep, a non-point source or a transient discharge.",,1.1.2,W,h3.6.1,https://w3id.org/CMECS/CMECS_00000768,CMECS_00000768,Original Unit,,,
Water Column Component,Hydroform,Water Mass,Winter Water Mass,,CMECS Water Column Subcomponent: Hydroform Class,"The mass of water produced- and introduced to oceans- as a result of melting winter ice formations. These water masses tend to be fresher than surrounding waters, and they often flow over the denser salt water.",,1.1.2,W,h3.7,https://w3id.org/CMECS/CMECS_00000912,CMECS_00000912,Original Unit,,,
Water Column Component,Hydroform,Wave,,,CMECS Water Column Subcomponent: Hydroform  ,"The Wave Hydroform Class is a propagation of energy that moves through the water, causing a vertical, oscillatory motion with characteristic wavelength, amplitude, and celerity. Waves are of several types: internal, standing, and surface. Each type of wave propagates energy and impacts the waters, substrate, and biota that it contacts. Waves are initiated by an energy source (such as wind, landslides, earthquakes, or volcanic eruptions), and they can occur at any depth in the water column. Wave energy varies depending on type and intensity of energy input; the wave regime can change on hourly timescales.",,1.1.2,W,h4,https://w3id.org/CMECS/CMECS_00000899,CMECS_00000899,Original Unit,,,
Water Column Component,Hydroform,Wave,Anthropogenic Wave,,CMECS Water Column Subcomponent: Hydroform  ,Boat wake or other wave caused by energy resulting from human activity.,,1.1.2,W,h4.1,https://w3id.org/CMECS/CMECS_00000025,CMECS_00000025,Original Unit,,,
Water Column Component,Hydroform,Wave,Coastally Trapped Wave,,CMECS Water Column Subcomponent: Hydroform Type,"A wave that moves along the coastal margin, which forms a trapping barrier.",,1.1.2,W,h4.2,https://w3id.org/CMECS/CMECS_00000170,CMECS_00000170,Original Unit,,,
Water Column Component,Hydroform,Wave,Coastally Trapped Wave,Internal Kelvin Wave,CMECS Water Column Subcomponent: Hydroform Type,Subsurface gravity wave with a rotational component propagated along a density interface against a vertical barrier such as a coast or the wall of a basin.,,1.1.2,W,h4.2.1,https://w3id.org/CMECS/CMECS_00000438,CMECS_00000438,Original Unit,,,
Water Column Component,Hydroform,Wave,Coastally Trapped Wave,External Kelvin Wave,CMECS Water Column Subcomponent: Hydroform Type,Surface gravity wave with a rotational component propagated along the sea surface against a vertical barrier such as a coast or the wall of a basin. Such Kelvin waves are important at the Equator in determining the presence and strength of El Nino/ENSO events.,,1.1.2,W,h4.2.2,https://w3id.org/CMECS/CMECS_00000330,CMECS_00000330,Original Unit,,,
Water Column Component,Hydroform,Wave,Coastally Trapped Wave,Shelf Wave,CMECS Water Column Subcomponent: Hydroform Type,A wind-induced wave guided by continental shelf topography.,,1.1.2,W,h4.2.3,https://w3id.org/CMECS/CMECS_00000743,CMECS_00000743,Original Unit,,,
Water Column Component,Hydroform,Wave,Coastally Trapped Wave,Topographic Wave,CMECS Water Column Subcomponent: Hydroform  ,"A sub-basin scale wave that is driven by wind-stress from the passage of cyclones across or along the shelf, with long period (~ 5 days) and to which a vorticity is imparted by the apparent Coriolis effect.",,1.1.2,W,h4.2.4,https://w3id.org/CMECS/CMECS_00000843,CMECS_00000843,Original Unit,,,
Water Column Component,Hydroform,Wave,Edge Wave,,CMECS Water Column Subcomponent: Hydroform  ,"A wave that moves along a trapping barrier, such as the continental shelf, the continental margin or an inertial water mass.",,1.1.2,W,h4.3,https://w3id.org/CMECS/CMECS_00000277,CMECS_00000277,Original Unit,,,
Water Column Component,Hydroform,Wave,Equatorial Wave,,CMECS Water Column Subcomponent: Hydroform  ,"A wave that is trapped by and moves along the Equatorial water mass, which forms a density barrier.",,1.1.2,W,h4.4,https://w3id.org/CMECS/CMECS_00000294,CMECS_00000294,Original Unit,,,
Water Column Component,Hydroform,Wave,Non-Equatorial Wave,,CMECS Water Column Subcomponent: Hydroform  ,"A wave that is propagated along an edge or barrier, such as a continental margin, and that is not associated with an Equatorial water mass.",,1.1.2,W,h4.5,https://w3id.org/CMECS/CMECS_00000595,CMECS_00000595,Original Unit,,,
Water Column Component,Hydroform,Wave,Internal Wave,,CMECS Water Column Subcomponent: Hydroform  ,"A wave that propagates along a density surface within the water column, below the water's surface.",,1.1.2,W,h4.6,https://w3id.org/CMECS/CMECS_00000439,CMECS_00000439,Original Unit,,,
Water Column Component,Hydroform,Wave,Seiche,,CMECS Water Column Subcomponent: Hydroform  ,"A long-period, standing wave that creates an oscillatory sloshing of water within an enclosed water body. This is due to wind or pressure effects that cause water motions that resonate with the length scale of the water body.",,1.1.2,W,h4.7,https://w3id.org/CMECS/CMECS_00000728,CMECS_00000728,Original Unit,,,
Water Column Component,Hydroform,Wave,Storm Surge,,CMECS Water Column Subcomponent: Hydroform  ,"A propagation of water associated with intense meteorological and wind activity such as a tropical storm. The surge of water from deep into shallow waters and onto land is caused by wind forcing in the forward, shoreward direction and by pressure differential within a cyclonic storm that positions extreme low pressure over a section of ocean, permitting tides to rise above normal range.",,1.1.2,W,h4.8,https://w3id.org/CMECS/CMECS_00000795,CMECS_00000795,Original Unit,,,
Water Column Component,Hydroform,Wave,Surf Zone,,CMECS Water Column Subcomponent: Hydroform  ,"Zone with incipient wave breaks, which are the result of an increase in the steepness of the wave as the water depth decreases. The surf zone is the region extending from the seaward boundary of wave breaking to the limit of wave uprush. The surf zone is the specific subset of the wave hydroform where waves are breaking against a shoreline. This relatively narrow area occurs when waves encounter bottom friction and break, forming a region of high turbulence, mixing, and intense energy. This occurrence affects biota in the water column, as well as bottom and shore substrates and biota. The surf zone is highly variable temporally and spatially in extent, energy characteristics, and physicochemical properties; this variability is due to the tight coupling between the water column and the substrate it impacts. In areas of soft sediments, high turbidity can result. Benthic biota (such as diatom mats) can be mixed into the water column, imparting its photosynthetic parameters to the water column and elevating water-column productivity. Nutrients can also be mixed from disturbed sediments into the water column, elevating concentrations there.",,1.1.2,W,h4.9,https://w3id.org/CMECS/CMECS_00000806,CMECS_00000806,Original Unit,,,
Water Column Component,Hydroform,Wave,Surface Wave,,CMECS Water Column Subcomponent: Hydroform  ,"A wave generated by energy input from sources such as wind, landslides, tidal action, or current action, and that moves along the surface of the ocean.",,1.1.2,W,h4.10,https://w3id.org/CMECS/CMECS_00000811,CMECS_00000811,Original Unit,,,
Water Column Component,Hydroform,Wave,Surface Wind Wave,,CMECS Water Column Subcomponent: Hydroform  ,"A surface wave generated by direct wind action on the water's surface producing shear, piling up water in the direction of the wind and generating a wave.",,1.1.2,W,h4.11,https://w3id.org/CMECS/CMECS_00000812,CMECS_00000812,Original Unit,,,
Water Column Component,Hydroform,Wave,Surface Swell,,CMECS Water Column Subcomponent: Hydroform  ,A surface gravity wave propagating into an area from a distant source of energy/disturbance and that is not caused by direct local action of the wind.,,1.1.2,W,h4.12,https://w3id.org/CMECS/CMECS_00000810,CMECS_00000810,Original Unit,,,
Water Column Component,Hydroform,Wave,Tsunami,,CMECS Water Column Subcomponent: Hydroform  ,"A large long-wavelength (tens or hundreds of kilometers) ocean wave that is generated by a powerful undersea disturbance such as a landslide, earthquake, or volcano. The wave is nearly imperceptible in the open ocean but as it approaches land, it can reach heights of many tens of meters. They can have enormous destructive impact on the coast (and inland), as well as the biology of the nearshore zone.",,1.1.2,W,h4.13,https://w3id.org/CMECS/CMECS_00000856,CMECS_00000856,Original Unit,,,
Water Column Component,Biogeochemical Feature,,,,CMECS Water Column Subcomponent,"The Biogeochemical Feature more specifically defines the water column by identifying factors including constituent composition (e.g., chlorophyll maximum, turbidity maximum), physical energy (e.g., light, surface mixed layer,), and gradients (halocline, thermocline). The Biogeochemical Feature subcomponent provides information that conveys the structure and the processes that form and sustain the feature, as well as its potential relationship with the biota. The feature integrates specific information, which may include ecoregion, climate zone, position in the water column, position relative to land and spatial scale that is ecologically relevant. The Biogeochemical Feature also conveys information about properties of the other water column subcomponents.",,1.1.2,W,f,https://w3id.org/CMECS/CMECS_00000102,CMECS_00000102,Original Unit,,,
Water Column Component,Biogeochemical Feature,Benthic Boundary Layer,,,CMECS Water Column Subcomponent: Biogeochemical Feature ,The layer formed at the interface between the lower water column and the benthic substrate.,,1.1.2,W,f1,https://w3id.org/CMECS/CMECS_00000095,CMECS_00000095,Original Unit,,,
Water Column Component,Biogeochemical Feature,Boundary Layer,,,CMECS Water Column Subcomponent: Biogeochemical Feature ,Layer formed at the interface between water and another water mass (or solid interface) where frictional shear forces on water motion cause exponential damping of movement with proximity to the interface.,,1.1.2,W,f2,https://w3id.org/CMECS/CMECS_00000112,CMECS_00000112,Original Unit,,,
Water Column Component,Biogeochemical Feature,Chlorophyll Maximum,,,CMECS Water Column Subcomponent: Biogeochemical Feature ,"A feature in deeper water columns (often in the ocean), where phytoplankton production is locally high at depths along a surface of nutrient (nitrate) entrainment from lower-water layers.",,1.1.2,W,f3,https://w3id.org/CMECS/CMECS_00000144,CMECS_00000144,Original Unit,,,
Water Column Component,Biogeochemical Feature,Chlorophyll Minimum,,,CMECS Water Column Subcomponent: Biogeochemical Feature ,A layer of low chlorophyll- and hence phytoplankton- concentration (relative to adjacent waters) due to highly concentrated grazing activity.,,1.1.2,W,f4,https://w3id.org/CMECS/CMECS_00000145,CMECS_00000145,Original Unit,,,
Water Column Component,Biogeochemical Feature,Drifting Fine Woody Debris,,,CMECS Water Column Subcomponent: Biogeochemical Feature ,"Aggregations of floating or suspended fine woody material such as small tree branches, husks or fibrous seeds, with a median particle size < 64 millimeters.",,1.1.2,W,f5,https://w3id.org/CMECS/CMECS_00000260,CMECS_00000260,Original Unit,,,
Water Column Component,Biogeochemical Feature,Drifting Herbaceous Debris,,,CMECS Water Column Subcomponent: Biogeochemical Feature ,"Floating or suspended detached, decaying herbaceous plant matter such as leaves, forbs or grasses, including deciduous leaves or needles, palm leaves, seagrass debris, Spartina debris.",,1.1.2,W,f6,https://w3id.org/CMECS/CMECS_00000261,CMECS_00000261,Original Unit,,,
Water Column Component,Biogeochemical Feature,Drifting Trees,,,CMECS Water Column Subcomponent: Biogeochemical Feature ,"Floating or suspended large dead trees or very large branches, with a median particle size of greater than 4,096 millimeters.",,1.1.2,W,f7,https://w3id.org/CMECS/CMECS_00000262,CMECS_00000262,Original Unit,,,
Water Column Component,Biogeochemical Feature,Drifting Woody Debris,,,CMECS Water Column Subcomponent: Biogeochemical Feature ,"Floating or suspended detached large branches with a median particle size of 64 millimeters to < 256 millimeters such as Mangrove branches, coconut rafts.",,1.1.2,W,f8,https://w3id.org/CMECS/CMECS_00000263,CMECS_00000263,Original Unit,,,
Water Column Component,Biogeochemical Feature,Euphotic Zone,,,CMECS Water Column Subcomponent: Biogeochemical Feature ,The zone of the water column that is sufficiently illuminated for photosynthesis to occur.,,1.1.2,W,f9,https://w3id.org/CMECS/CMECS_00000328,CMECS_00000328,Original Unit,,,
Water Column Component,Biogeochemical Feature,Halocline,,,CMECS Water Column Subcomponent: Biogeochemical Feature ,"The zone of rapid salinity change with depth in the water column, often separating two layers of different, homogeneous salinity. As the density of water changes with salinity, the halocline presents a barrier to vertical circulation and enhances water column stability",,1.1.2,W,f10,https://w3id.org/CMECS/CMECS_00000407,CMECS_00000407,Original Unit,,,
Water Column Component,Biogeochemical Feature,Lens,,,CMECS Water Column Subcomponent: Biogeochemical Feature ,A homogeneous parcel of water that- by composition- maintains coherence within water of different properties. Often a freshwater lens will sit perched atop saline ocean waters for long periods.,,1.1.2,W,f11,https://w3id.org/CMECS/CMECS_00000467,CMECS_00000467,Original Unit,,,
Water Column Component,Biogeochemical Feature,Lysocline,,,CMECS Water Column Subcomponent: Biogeochemical Feature ,"The depth in the ocean at which calcium dissolution increases due to increased pressure. This depth is around 4,000 meters in the Pacific Ocean and 5,000 meters in the Atlantic Ocean, owing to differences in temperature and chemistry. Below this depth, the precipitation of calcium carbonate decreases rapidly to the point where no calcite is deposited.",,1.1.2,W,f12,https://w3id.org/CMECS/CMECS_00000484,CMECS_00000484,Original Unit,,,
Water Column Component,Biogeochemical Feature,Marine Snow Aggregation,,,CMECS Water Column Subcomponent: Biogeochemical Feature ,"A concentration of organic material in the ocean water column. Composed of a mix of mineral, dead organic materials, and- sometimes- a rich microbial community.  In this feature small particles aggregate through attractive ionic forces and then begin to fall through the water column.",,1.1.2,W,f13,https://w3id.org/CMECS/CMECS_00000518,CMECS_00000518,Original Unit,,,
Water Column Component,Biogeochemical Feature,Microlayer,,,CMECS Water Column Subcomponent: Biogeochemical Feature ,"Any extremely thin layer of material, nutrients, organisms or specific properties that exists on or in the water column. The microlayer can be a surface film or at depth and often refers to a microbial film.",,1.1.2,W,f14,https://w3id.org/CMECS/CMECS_00000545,CMECS_00000545,Original Unit,,,
Water Column Component,Biogeochemical Feature,Nepheloid Layer,,,CMECS Water Column Subcomponent: Biogeochemical Feature ,"Layer of water that contains a high concentration of silt and sediment- usually at the benthic-water column interface. This layer can be nearly a fluid mud. In the deep oceans, the layer can be hundreds of meters thick; in shallower waters with less fine sediments, it can be much thinner (only a few centimeters in places) or absent. Thickness is determined by substrate composition and current shear.",,1.1.2,W,f15,https://w3id.org/CMECS/CMECS_00000591,CMECS_00000591,Original Unit,,,
Water Column Component,Biogeochemical Feature,Neustonic Layer,,,CMECS Water Column Subcomponent: Biogeochemical Feature ,"Layer of biota that lives at the surface of the water. These organisms are either positively buoyant, maintain position by taking advantage of surface tension, or live on other biotic or abiotic material. Epineuston floats atop the water, hyponeuston lives just under the surface.",,1.1.2,W,f16,https://w3id.org/CMECS/CMECS_00000594,CMECS_00000594,Original Unit,,,
Water Column Component,Biogeochemical Feature,Nutrient Maximum,,,CMECS Water Column Subcomponent: Biogeochemical Feature ,A layer or region in the water column that has high concentrations of a particular nutrient or nutrients due either to biological transformation or to abiotic factors such as advection or entrainment from adjacent water masses.,,1.1.2,W,f17,https://w3id.org/CMECS/CMECS_00000601,CMECS_00000601,Original Unit,,,
Water Column Component,Biogeochemical Feature,Nutrient Minimum,,,CMECS Water Column Subcomponent: Biogeochemical Feature ,"A layer in the ocean where net nutrient accumulation is at a minimum, often due to a locus of high biological activity drawing down nutrient stocks.",,1.1.2,W,f18,https://w3id.org/CMECS/CMECS_00000602,CMECS_00000602,Original Unit,,,
Water Column Component,Biogeochemical Feature,Nutricline,,,CMECS Water Column Subcomponent: Biogeochemical Feature ,"The zone of rapid nutrient change with depth in the water column, often as a result of entrainment of water from a lower depth that is higher in concentration of a particular nutrient. The nutricline can be a rich source of a limiting nutrient and hence, the site of intense microbial or photosynthetic activity.",,1.1.2,W,f19,https://w3id.org/CMECS/CMECS_00000600,CMECS_00000600,Original Unit,,,
Water Column Component,Biogeochemical Feature,Oxygen Maximum,,,CMECS Water Column Subcomponent: Biogeochemical Feature ,"A layer in the ocean where oxygen concentration is at a minimum, often due to a locus of high respiratory activity, notably microbial.",,1.1.2,W,f20,https://w3id.org/CMECS/CMECS_00000614,CMECS_00000614,Original Unit,,,
Water Column Component,Biogeochemical Feature,Oxygen Minimum,,,CMECS Water Column Subcomponent: Biogeochemical Feature ,"Region in the water column where oxygen is reduced (relative to surrounding waters) due to high respiration rates, usually associated with high concentrations of organic matter.",,1.1.2,W,f21,https://w3id.org/CMECS/CMECS_00000615,CMECS_00000615,Original Unit,,,
Water Column Component,Biogeochemical Feature,Oxycline,,,CMECS Water Column Subcomponent: Biogeochemical Feature ,"Zone in the water column where oxygen concentration changes rapidly with depth, often as a result of biological or abiotic processes that consume oxygen. Deep, bottom water that contains no photosynthetic organisms- yet receives much deposited organic matter- can generate both high respiration rates and extremely low oxygen concentrations. The transition layer between hypoxic bottom water and oxygenated surface water is the oxycline.",,1.1.2,W,f22,https://w3id.org/CMECS/CMECS_00000613,CMECS_00000613,Original Unit,,,
Water Column Component,Biogeochemical Feature,Sea Foam,,,CMECS Water Column Subcomponent: Biogeochemical Feature ,"Sea foam is produced by turbulent mixing and agitation of surface waters, enhanced by high concentrations of dissolved organic matter (DOM).",,1.1.2,W,f23,https://w3id.org/CMECS/CMECS_00000718,CMECS_00000718,Original Unit,,,
Water Column Component,Biogeochemical Feature,Seep,,,CMECS Water Column Subcomponent: Biogeochemical Feature ,"Area on the ocean bottom where fluid slowly emerges. Cold seeps are usually at the continental margins; waters in these seeps are often highly concentrated in minerals and dissolved gases, such as hydrogen sulfide, methane, and hydrogen. Cold-fluid seeps and oil seeps are sources of energy for chemoautotrophic communities of bacteria and archaea, which in turn support communities of clams, mussels and vestimentiferan tubeworms.",,1.1.2,W,f24,https://w3id.org/CMECS/CMECS_00000727,CMECS_00000727,Original Unit,,,
Water Column Component,Biogeochemical Feature,Surface Film,,,CMECS Water Column Subcomponent: Biogeochemical Feature ,"Thin layer of materials and biota that exist on the surface of the water, often only a few microns thick. The surface film can contain a rich microbial community that consumes the material that concentrated in the film. Dissolved Organic Carbon (DOC) is concentrated up to five times in the surface microlayer. These films are often aggregated and concentrated at frontal convergences of two water masses and can lead to formation of a rich community that feeds on the material.",,1.1.2,W,f25,https://w3id.org/CMECS/CMECS_00000807,CMECS_00000807,Original Unit,,,
Water Column Component,Biogeochemical Feature,Surface Mixed Layer,,,CMECS Water Column Subcomponent: Biogeochemical Feature ,The layer of water at the ocean surface that is mixed by wind. Water of homogeneous density is easily mixed to a depth determined by the intensity of wind shear and density of the water. Often wind mixing of the surface occurs to the pycnocline depth where density increases rapidly. The mixed layer depth is an important determinant of the extent and intensity of photosynthetic production as plankton cells are mixed through the vertical light gradient.,,1.1.2,W,f26,https://w3id.org/CMECS/CMECS_00000808,CMECS_00000808,Original Unit,,,
Water Column Component,Biogeochemical Feature,Thermocline,,,CMECS Water Column Subcomponent: Biogeochemical Feature ,"The zone of rapid temperature change with depth in the water column, often separating two layers of different, homogeneous temperature. As the density of water changes with temperature, the thermocline presents a barrier to vertical circulation and enhances water column stability.",,1.1.2,W,f27,https://w3id.org/CMECS/CMECS_00000828,CMECS_00000828,Original Unit,,,
Water Column Component,Biogeochemical Feature,Turbidity Maximum,,,CMECS Water Column Subcomponent: Biogeochemical Feature ,"Region in an estuary where turbidity is high, due to concentration of particulates in the water column. This occurs as a result of the increasing ionic strength of the water from the introduction of salt in the downstream direction (generally at around areas with a salinity of 5), which causes particle aggregation. This process is enhanced by the mixing regime particular to this upper estuary region, in which countercurrent flows from the salt wedge are entrained into the seaward-flowing, upper-water layer. As particles settle out of the upper layer, they are carried upstream in the lower layer and so circulate within a zone of maximum turbidity.",,1.1.2,W,f28,https://w3id.org/CMECS/CMECS_00001629,CMECS_00001629,Original Unit,,,
